strategy_name,params,side,entry_time,exit_time,entry_price,exit_price,notional,pnl,fees,funding,return_pct,exit_reason
regime_switching,"{'high_volatility_percentile': 0.8, 'trend_adx': 25, 'range_adx': 20, 'slope_threshold': 0.25, 'donchian_lookback': 50, 'bollinger_length': 40, 'bollinger_entry_z': 1.5}",short,2026-04-15 20:00:00+00:00,2026-04-15 23:00:00+00:00,74931.0,74912.0,3000.0,-3.2273345561436524,3.9,-0.0880344,-0.10757781853812175,regime_change
regime_switching,"{'high_volatility_percentile': 0.8, 'trend_adx': 25, 'range_adx': 20, 'slope_threshold': 0.25, 'donchian_lookback': 50, 'bollinger_length': 40, 'bollinger_entry_z': 1.5}",long,2026-04-16 19:00:00+00:00,2026-04-16 22:00:00+00:00,75011.0,74900.0,1495.1589981657844,-4.192531636030229,1.9437066976155197,-0.03631412271565094,-0.2804070765165109,invalidation_close
regime_switching,"{'high_volatility_percentile': 0.8, 'trend_adx': 25, 'range_adx': 20, 'slope_threshold': 0.25, 'donchian_lookback': 50, 'bollinger_length': 40, 'bollinger_entry_z': 1.5}",short,2026-04-17 09:00:00+00:00,2026-04-17 11:00:00+00:00,75721.0,75227.0,2977.740401423478,15.549498820287623,3.8710625218505212,-0.006067443841940479,0.5221912162945549,regime_change
regime_switching,"{'high_volatility_percentile': 0.8, 'trend_adx': 25, 'range_adx': 20, 'slope_threshold': 0.25, 'donchian_lookback': 50, 'bollinger_length': 40, 'bollinger_entry_z': 1.5}",short,2026-04-17 12:00:00+00:00,2026-04-17 13:00:00+00:00,75542.0,76201.0,3024.3888978843406,-30.354147746667117,3.931705567249643,-0.03881077297099059,-1.0036456544295886,high_volatility:close_above_channel_high
regime_switching,"{'high_volatility_percentile': 0.8, 'trend_adx': 25, 'range_adx': 20, 'slope_threshold': 0.25, 'donchian_lookback': 50, 'bollinger_length': 40, 'bollinger_entry_z': 1.5}",long,2026-04-17 13:00:00+00:00,2026-04-18 00:00:00+00:00,76201.0,77021.0,1466.6632273221696,14.093513428514013,1.9066621955188203,0.21739263687808305,0.9609236234991667,regime_resize
regime_switching,"{'high_volatility_percentile': 0.8, 'trend_adx': 25, 'range_adx': 20, 'slope_threshold': 0.25, 'donchian_lookback': 50, 'bollinger_length': 40, 'bollinger_entry_z': 1.5}",long,2026-04-18 00:00:00+00:00,2026-04-18 13:00:00+00:00,77021.0,76173.0,2956.4528683758317,-36.04872988257777,3.843388728888581,0.3451584812507073,-1.2193236789998831,regime_change
regime_switching,"{'high_volatility_percentile': 0.8, 'trend_adx': 25, 'range_adx': 20, 'slope_threshold': 0.25, 'donchian_lookback': 50, 'bollinger_length': 40, 'bollinger_entry_z': 1.5}",short,2026-04-19 10:00:00+00:00,2026-04-19 11:00:00+00:00,74973.0,75183.0,2867.4608052821486,-11.777584170115508,3.727699046866793,-0.01810342704806832,-0.4107321763010683,invalidation_close
regime_switching,"{'high_volatility_percentile': 0.8, 'trend_adx': 25, 'range_adx': 20, 'slope_threshold': 0.25, 'donchian_lookback': 50, 'bollinger_length': 40, 'bollinger_entry_z': 1.5}",short,2026-04-19 18:00:00+00:00,2026-04-20 09:00:00+00:00,74737.0,74693.0,2832.128052771802,-2.118117840470032,3.681766468603342,-0.10371337893091923,-0.07478891494320081,regime_change
regime_switching,"{'high_volatility_percentile': 0.8, 'trend_adx': 25, 'range_adx': 20, 'slope_threshold': 0.25, 'donchian_lookback': 50, 'bollinger_length': 40, 'bollinger_entry_z': 1.5}",long,2026-04-20 19:00:00+00:00,2026-04-20 20:00:00+00:00,76375.0,76259.0,1412.8868496251957,-3.9836840703964618,1.8367529045127544,-0.0010080947672075772,-0.28195351039279865,regime_change
regime_switching,"{'high_volatility_percentile': 0.8, 'trend_adx': 25, 'range_adx': 20, 'slope_threshold': 0.25, 'donchian_lookback': 50, 'bollinger_length': 40, 'bollinger_entry_z': 1.5}",long,2026-04-21 11:00:00+00:00,2026-04-21 12:00:00+00:00,76704.0,76411.0,2813.822647039202,-14.427037428361013,3.6579694411509625,-0.020605904626532782,-0.5127202115435961,invalidation_close
regime_switching,"{'high_volatility_percentile': 0.8, 'trend_adx': 25, 'range_adx': 20, 'slope_threshold': 0.25, 'donchian_lookback': 50, 'bollinger_length': 40, 'bollinger_entry_z': 1.5}",long,2026-04-22 03:00:00+00:00,2026-04-22 09:00:00+00:00,77564.0,77971.0,1385.2707673770597,5.491738846269281,1.8008519975901776,0.02368771454091751,0.3964379365824352,trending:close_above_channel_high
regime_switching,"{'high_volatility_percentile': 0.8, 'trend_adx': 25, 'range_adx': 20, 'slope_threshold': 0.25, 'donchian_lookback': 50, 'bollinger_length': 40, 'bollinger_entry_z': 1.5}",long,2026-04-22 09:00:00+00:00,2026-04-22 10:00:00+00:00,77971.0,77958.0,2787.0167512929265,-4.0720679674107325,3.6231217766808044,0.01572936514094702,-0.14610848555257722,invalidation_close
regime_switching,"{'high_volatility_percentile': 0.8, 'trend_adx': 25, 'range_adx': 20, 'slope_threshold': 0.25, 'donchian_lookback': 50, 'bollinger_length': 40, 'bollinger_entry_z': 1.5}",long,2026-04-22 11:00:00+00:00,2026-04-23 03:00:00+00:00,78111.0,77898.0,2774.8005473906946,-10.845152712826291,3.607240711607903,0.32866014091547185,-0.3908444058447594,invalidation_close
regime_switching,"{'high_volatility_percentile': 0.8, 'trend_adx': 25, 'range_adx': 20, 'slope_threshold': 0.25, 'donchian_lookback': 50, 'bollinger_length': 40, 'bollinger_entry_z': 1.5}",long,2026-04-24 23:00:00+00:00,2026-04-26 05:00:00+00:00,77311.0,77734.0,2742.265089252216,10.882430532838931,3.564944616027881,-0.5566751512675481,0.3968409391014216,ranging:mean_reached
regime_switching,"{'high_volatility_percentile': 0.8, 'trend_adx': 25, 'range_adx': 20, 'slope_threshold': 0.25, 'donchian_lookback': 50, 'bollinger_length': 40, 'bollinger_entry_z': 1.5}",short,2026-04-26 06:00:00+00:00,2026-04-26 12:00:00+00:00,77942.0,78050.0,2774.9123808507325,-7.378164682508997,3.607386095105952,0.07426692248737475,-0.26588820365733495,regime_change
regime_switching,"{'high_volatility_percentile': 0.8, 'trend_adx': 25, 'range_adx': 20, 'slope_threshold': 0.25, 'donchian_lookback': 50, 'bollinger_length': 40, 'bollinger_entry_z': 1.5}",short,2026-04-26 15:00:00+00:00,2026-04-26 20:00:00+00:00,78061.0,78187.0,2752.7778868032055,-7.9656957229259575,3.578611252844167,0.05623567361613665,-0.28936935889791315,regime_change
regime_switching,"{'high_volatility_percentile': 0.8, 'trend_adx': 25, 'range_adx': 20, 'slope_threshold': 0.25, 'donchian_lookback': 50, 'bollinger_length': 40, 'bollinger_entry_z': 1.5}",long,2026-04-27 00:00:00+00:00,2026-04-27 06:00:00+00:00,78616.0,77756.0,2728.8807996344276,-33.43943572667957,3.547545039524756,-0.039984107252403554,-1.2253901207835556,invalidation_close
regime_switching,"{'high_volatility_percentile': 0.8, 'trend_adx': 25, 'range_adx': 20, 'slope_threshold': 0.25, 'donchian_lookback': 50, 'bollinger_length': 40, 'bollinger_entry_z': 1.5}",short,2026-04-27 16:00:00+00:00,2026-04-28 00:00:00+00:00,76765.0,77320.0,2628.562492454389,-22.41595157802181,3.4171312401907055,0.005311536228502586,-0.8527836656868364,invalidation_close
regime_switching,"{'high_volatility_percentile': 0.8, 'trend_adx': 25, 'range_adx': 20, 'slope_threshold': 0.25, 'donchian_lookback': 50, 'bollinger_length': 40, 'bollinger_entry_z': 1.5}",short,2026-04-28 14:00:00+00:00,2026-04-28 19:00:00+00:00,76156.0,76198.0,2561.314637720323,-4.710564345283035,3.3297090290364197,0.03170856295205005,-0.18391197535479803,invalidation_close
regime_switching,"{'high_volatility_percentile': 0.8, 'trend_adx': 25, 'range_adx': 20, 'slope_threshold': 0.25, 'donchian_lookback': 50, 'bollinger_length': 40, 'bollinger_entry_z': 1.5}",short,2026-04-29 19:00:00+00:00,2026-04-29 22:00:00+00:00,75478.0,75890.0,1273.5914723422368,-8.567914327976787,1.6556689140449077,0.03970994531189477,-0.6727364711558336,invalidation_close
regime_switching,"{'high_volatility_percentile': 0.8, 'trend_adx': 25, 'range_adx': 20, 'slope_threshold': 0.25, 'donchian_lookback': 50, 'bollinger_length': 40, 'bollinger_entry_z': 1.5}",short,2026-04-30 05:00:00+00:00,2026-04-30 06:00:00+00:00,75457.0,75566.0,1260.7396008502715,-3.4715022439667678,1.6389614811053528,-0.011362919948503412,-0.27535442224750517,invalidation_close
regime_switching,"{'high_volatility_percentile': 0.8, 'trend_adx': 25, 'range_adx': 20, 'slope_threshold': 0.25, 'donchian_lookback': 50, 'bollinger_length': 40, 'bollinger_entry_z': 1.5}",short,2026-05-01 04:00:00+00:00,2026-05-01 06:00:00+00:00,77076.0,77126.0,2511.064694968643,-4.941388524826616,3.2643841034592356,-0.04805072957704197,-0.19678459637967718,regime_change
regime_switching,"{'high_volatility_percentile': 0.8, 'trend_adx': 25, 'range_adx': 20, 'slope_threshold': 0.25, 'donchian_lookback': 50, 'bollinger_length': 40, 'bollinger_entry_z': 1.5}",long,2026-05-01 13:00:00+00:00,2026-05-01 15:00:00+00:00,77839.0,78316.0,2496.240529394163,12.059057432686958,3.2451126882124117,0.0071245200949438805,0.4830887605055306,regime_resize
regime_switching,"{'high_volatility_percentile': 0.8, 'trend_adx': 25, 'range_adx': 20, 'slope_threshold': 0.25, 'donchian_lookback': 50, 'bollinger_length': 40, 'bollinger_entry_z': 1.5}",long,2026-05-01 15:00:00+00:00,2026-05-01 20:00:00+00:00,78316.0,78307.0,1266.208850846112,-1.7393822930852816,1.6460715060999456,0.052200726084981816,-0.1373693045916543,regime_resize
regime_switching,"{'high_volatility_percentile': 0.8, 'trend_adx': 25, 'range_adx': 20, 'slope_threshold': 0.25, 'donchian_lookback': 50, 'bollinger_length': 40, 'bollinger_entry_z': 1.5}",long,2026-05-01 20:00:00+00:00,2026-05-01 21:00:00+00:00,78307.0,77830.0,2527.199554812968,-18.660371839119176,3.2853594212568584,0.019194838778670936,-0.7383814152539364,regime_resize
regime_switching,"{'high_volatility_percentile': 0.8, 'trend_adx': 25, 'range_adx': 20, 'slope_threshold': 0.25, 'donchian_lookback': 50, 'bollinger_length': 40, 'bollinger_entry_z': 1.5}",long,2026-05-01 21:00:00+00:00,2026-05-01 23:00:00+00:00,77830.0,78103.0,1235.6092196478053,2.7601346007658005,1.6062919855421467,0.03234824937037954,0.223382486701786,regime_resize
regime_switching,"{'high_volatility_percentile': 0.8, 'trend_adx': 25, 'range_adx': 20, 'slope_threshold': 0.25, 'donchian_lookback': 50, 'bollinger_length': 40, 'bollinger_entry_z': 1.5}",long,2026-05-01 23:00:00+00:00,2026-05-03 07:00:00+00:00,78103.0,78254.0,2479.4988430979074,1.563703457764039,3.2233484960272794,-0.006673323186313751,0.06306530297914292,regime_change
regime_switching,"{'high_volatility_percentile': 0.8, 'trend_adx': 25, 'range_adx': 20, 'slope_threshold': 0.25, 'donchian_lookback': 50, 'bollinger_length': 40, 'bollinger_entry_z': 1.5}",long,2026-05-03 21:00:00+00:00,2026-05-04 00:00:00+00:00,78879.0,78533.0,2484.1899534711997,-14.201866403674675,3.2294469395125596,-0.07560632123389596,-0.5716900345656004,invalidation_close
regime_switching,"{'high_volatility_percentile': 0.8, 'trend_adx': 25, 'range_adx': 20, 'slope_threshold': 0.25, 'donchian_lookback': 50, 'bollinger_length': 40, 'bollinger_entry_z': 1.5}",long,2026-05-04 02:00:00+00:00,2026-05-04 04:00:00+00:00,79737.0,80279.0,2441.5843542601756,13.403223748886266,3.1740596605382283,-0.019010908257576006,0.5489559975881961,high_volatility:close_above_channel_high
regime_switching,"{'high_volatility_percentile': 0.8, 'trend_adx': 25, 'range_adx': 20, 'slope_threshold': 0.25, 'donchian_lookback': 50, 'bollinger_length': 40, 'bollinger_entry_z': 1.5}",long,2026-05-04 04:00:00+00:00,2026-05-04 06:00:00+00:00,80279.0,79977.0,1240.8970127534171,-6.2663557445305536,1.6131661165794422,0.014916574810906276,-0.5049859641958669,invalidation_close
regime_switching,"{'high_volatility_percentile': 0.8, 'trend_adx': 25, 'range_adx': 20, 'slope_threshold': 0.25, 'donchian_lookback': 50, 'bollinger_length': 40, 'bollinger_entry_z': 1.5}",long,2026-05-04 18:00:00+00:00,2026-05-04 19:00:00+00:00,80331.0,80064.0,1231.4974791366215,-5.676780966170271,1.6009467228776078,0.017353030978514133,-0.46096569926802855,invalidation_close
regime_switching,"{'high_volatility_percentile': 0.8, 'trend_adx': 25, 'range_adx': 20, 'slope_threshold': 0.25, 'donchian_lookback': 50, 'bollinger_length': 40, 'bollinger_entry_z': 1.5}",long,2026-05-05 03:00:00+00:00,2026-05-05 10:00:00+00:00,80500.0,80550.0,1222.9823076873658,-0.8379036877469797,1.5898769999935756,-0.007643027931892192,-0.06851314875776397,regime_resize
regime_switching,"{'high_volatility_percentile': 0.8, 'trend_adx': 25, 'range_adx': 20, 'slope_threshold': 0.25, 'donchian_lookback': 50, 'bollinger_length': 40, 'bollinger_entry_z': 1.5}",long,2026-05-05 10:00:00+00:00,2026-05-06 02:00:00+00:00,80550.0,81399.0,2443.4509043114913,22.337187971834094,3.1764861756049387,-0.24038938776215923,0.9141656143947858,regime_resize
regime_switching,"{'high_volatility_percentile': 0.8, 'trend_adx': 25, 'range_adx': 20, 'slope_threshold': 0.25, 'donchian_lookback': 50, 'bollinger_length': 40, 'bollinger_entry_z': 1.5}",long,2026-05-06 02:00:00+00:00,2026-05-06 03:00:00+00:00,81399.0,81332.0,1255.2312341134966,-2.6744766737026446,1.6318006043475455,-0.009487790806170276,-0.21306645349623457,regime_resize
regime_switching,"{'high_volatility_percentile': 0.8, 'trend_adx': 25, 'range_adx': 20, 'slope_threshold': 0.25, 'donchian_lookback': 50, 'bollinger_length': 40, 'bollinger_entry_z': 1.5}",long,2026-05-06 03:00:00+00:00,2026-05-06 15:00:00+00:00,81332.0,81495.0,2502.4390382058855,1.4539616628142933,3.253170749667651,-0.30808377828625655,0.05810178152658239,regime_resize
regime_switching,"{'high_volatility_percentile': 0.8, 'trend_adx': 25, 'range_adx': 20, 'slope_threshold': 0.25, 'donchian_lookback': 50, 'bollinger_length': 40, 'bollinger_entry_z': 1.5}",long,2026-05-06 15:00:00+00:00,2026-05-06 19:00:00+00:00,81495.0,81309.0,1253.400461597164,-4.542836803962655,1.629420600076313,-0.05271940215528447,-0.3624409710344193,regime_change
regime_switching,"{'high_volatility_percentile': 0.8, 'trend_adx': 25, 'range_adx': 20, 'slope_threshold': 0.25, 'donchian_lookback': 50, 'bollinger_length': 40, 'bollinger_entry_z': 1.5}",long,2026-05-07 04:00:00+00:00,2026-05-07 08:00:00+00:00,80797.0,81480.0,2493.1724127824396,17.79124756336613,3.2411241366171715,-0.043123156637691465,0.7135987656589973,ranging:mean_reached
regime_switching,"{'high_volatility_percentile': 0.8, 'trend_adx': 25, 'range_adx': 20, 'slope_threshold': 0.25, 'donchian_lookback': 50, 'bollinger_length': 40, 'bollinger_entry_z': 1.5}",long,2026-05-07 11:00:00+00:00,2026-05-07 16:00:00+00:00,80819.0,79868.0,2546.5461554725375,-33.35905275610689,3.310510002114299,-0.08324506589470397,-1.309972437939841,invalidation_close
regime_switching,"{'high_volatility_percentile': 0.8, 'trend_adx': 25, 'range_adx': 20, 'slope_threshold': 0.25, 'donchian_lookback': 50, 'bollinger_length': 40, 'bollinger_entry_z': 1.5}",short,2026-05-07 22:00:00+00:00,2026-05-07 23:00:00+00:00,79691.0,79901.0,2446.4689972042165,-9.596711034059611,3.1804096963654813,0.03058086246505271,-0.39226783764791506,invalidation_close
regime_switching,"{'high_volatility_percentile': 0.8, 'trend_adx': 25, 'range_adx': 20, 'slope_threshold': 0.25, 'donchian_lookback': 50, 'bollinger_length': 40, 'bollinger_entry_z': 1.5}",short,2026-05-08 03:00:00+00:00,2026-05-08 09:00:00+00:00,79457.0,79865.0,2417.6788641020376,-15.376081725929772,3.1429825233326487,0.18132591480765284,-0.6359852813471437,invalidation_close
regime_switching,"{'high_volatility_percentile': 0.8, 'trend_adx': 25, 'range_adx': 20, 'slope_threshold': 0.25, 'donchian_lookback': 50, 'bollinger_length': 40, 'bollinger_entry_z': 1.5}",short,2026-05-09 17:00:00+00:00,2026-05-09 21:00:00+00:00,80576.0,80755.0,2371.5506189242487,-8.404267793478956,3.0830158046015232,-0.052840045030127396,-0.3543785962827641,regime_change
regime_switching,"{'high_volatility_percentile': 0.8, 'trend_adx': 25, 'range_adx': 20, 'slope_threshold': 0.25, 'donchian_lookback': 50, 'bollinger_length': 40, 'bollinger_entry_z': 1.5}",long,2026-05-10 13:00:00+00:00,2026-05-10 21:00:00+00:00,80907.0,80696.0,2346.3378155438113,-9.21106872556434,3.0502391602069547,-0.04173876876692732,-0.3925721464549421,invalidation_close
regime_switching,"{'high_volatility_percentile': 0.8, 'trend_adx': 25, 'range_adx': 20, 'slope_threshold': 0.25, 'donchian_lookback': 50, 'bollinger_length': 40, 'bollinger_entry_z': 1.5}",long,2026-05-10 23:00:00+00:00,2026-05-11 01:00:00+00:00,82000.0,81442.0,2318.7046093671183,-18.752116476834708,3.0143159921772535,0.04070161323098665,-0.8087324448780489,regime_resize
regime_switching,"{'high_volatility_percentile': 0.8, 'trend_adx': 25, 'range_adx': 20, 'slope_threshold': 0.25, 'donchian_lookback': 50, 'bollinger_length': 40, 'bollinger_entry_z': 1.5}",long,2026-05-11 01:00:00+00:00,2026-05-11 03:00:00+00:00,81442.0,81145.0,1131.2241299683074,-5.6062207973402645,1.4705913689587995,-0.01031857402391891,-0.49558886243854516,invalidation_close
regime_switching,"{'high_volatility_percentile': 0.8, 'trend_adx': 25, 'range_adx': 20, 'slope_threshold': 0.25, 'donchian_lookback': 50, 'bollinger_length': 40, 'bollinger_entry_z': 1.5}",short,2026-05-11 19:00:00+00:00,2026-05-12 02:00:00+00:00,81811.0,81173.0,2245.6295975445937,14.497912479336732,2.919318476807972,-0.09522682133571753,0.6456056909469386,ranging:mean_reached
regime_switching,"{'high_volatility_percentile': 0.8, 'trend_adx': 25, 'range_adx': 20, 'slope_threshold': 0.25, 'donchian_lookback': 50, 'bollinger_length': 40, 'bollinger_entry_z': 1.5}",short,2026-05-12 14:00:00+00:00,2026-05-12 19:00:00+00:00,80422.0,80638.0,2289.1233349826034,-9.015315400871783,2.9758603354773845,0.10874617750234958,-0.3938326634960583,invalidation_close
regime_switching,"{'high_volatility_percentile': 0.8, 'trend_adx': 25, 'range_adx': 20, 'slope_threshold': 0.25, 'donchian_lookback': 50, 'bollinger_length': 40, 'bollinger_entry_z': 1.5}",short,2026-05-13 16:00:00+00:00,2026-05-13 19:00:00+00:00,78800.0,79571.0,1131.038694389994,-12.49695461568372,1.470350302706992,0.03977682121978507,-1.1049095559390862,regime_resize
regime_switching,"{'high_volatility_percentile': 0.8, 'trend_adx': 25, 'range_adx': 20, 'slope_threshold': 0.25, 'donchian_lookback': 50, 'bollinger_length': 40, 'bollinger_entry_z': 1.5}",short,2026-05-13 19:00:00+00:00,2026-05-13 21:00:00+00:00,79571.0,79670.0,2224.586524932937,-5.604115799688897,2.891962482412818,0.05561466312332343,-0.2519171871661786,invalidation_close
regime_switching,"{'high_volatility_percentile': 0.8, 'trend_adx': 25, 'range_adx': 20, 'slope_threshold': 0.25, 'donchian_lookback': 50, 'bollinger_length': 40, 'bollinger_entry_z': 1.5}",long,2026-05-14 16:00:00+00:00,2026-05-15 00:00:00+00:00,81264.0,81044.0,1103.8870887669354,-4.3362092654465005,1.435053215397016,0.08731559211341368,-0.39281275318566644,invalidation_close
regime_switching,"{'high_volatility_percentile': 0.8, 'trend_adx': 25, 'range_adx': 20, 'slope_threshold': 0.25, 'donchian_lookback': 50, 'bollinger_length': 40, 'bollinger_entry_z': 1.5}",short,2026-05-15 14:00:00+00:00,2026-05-15 15:00:00+00:00,78715.0,79127.0,1097.3827748687656,-7.17545486922502,1.4265976073293953,-0.00507649271654291,-0.6538698286095408,invalidation_close
regime_switching,"{'high_volatility_percentile': 0.8, 'trend_adx': 25, 'range_adx': 20, 'slope_threshold': 0.25, 'donchian_lookback': 50, 'bollinger_length': 40, 'bollinger_entry_z': 1.5}",short,2026-05-16 07:00:00+00:00,2026-05-17 22:00:00+00:00,78583.0,78368.0,2173.239185129856,2.8793039592319865,2.825210940668813,-0.24138211094021012,0.13248905039690517,regime_change
regime_switching,"{'high_volatility_percentile': 0.8, 'trend_adx': 25, 'range_adx': 20, 'slope_threshold': 0.25, 'donchian_lookback': 50, 'bollinger_length': 40, 'bollinger_entry_z': 1.5}",short,2026-05-18 00:00:00+00:00,2026-05-18 19:00:00+00:00,77430.0,76222.0,2181.877097007553,31.513629776660053,2.8364402261098185,0.3101948486290474,1.4443356969959964,high_volatility:close_below_channel_low
regime_switching,"{'high_volatility_percentile': 0.8, 'trend_adx': 25, 'range_adx': 20, 'slope_threshold': 0.25, 'donchian_lookback': 50, 'bollinger_length': 40, 'bollinger_entry_z': 1.5}",short,2026-05-18 19:00:00+00:00,2026-05-18 20:00:00+00:00,76222.0,76882.0,1138.2089931687672,-11.321101703686898,1.4796716911193972,0.01422761241460959,-0.9946417372936948,invalidation_close
regime_switching,"{'high_volatility_percentile': 0.8, 'trend_adx': 25, 'range_adx': 20, 'slope_threshold': 0.25, 'donchian_lookback': 50, 'bollinger_length': 40, 'bollinger_entry_z': 1.5}",long,2026-05-19 15:00:00+00:00,2026-05-19 17:00:00+00:00,76378.0,76872.0,2242.454681226474,11.532565564681974,2.915191085594416,-0.05606136703066185,0.5142831050826153,ranging:mean_reached
regime_switching,"{'high_volatility_percentile': 0.8, 'trend_adx': 25, 'range_adx': 20, 'slope_threshold': 0.25, 'donchian_lookback': 50, 'bollinger_length': 40, 'bollinger_entry_z': 1.5}",short,2026-05-20 06:00:00+00:00,2026-05-21 01:00:00+00:00,77173.0,77955.0,2277.0523779205196,-25.49291666635592,2.9601680912966755,0.5407999397561235,-1.1195577630777604,invalidation_close
regime_switching,"{'high_volatility_percentile': 0.8, 'trend_adx': 25, 'range_adx': 20, 'slope_threshold': 0.25, 'donchian_lookback': 50, 'bollinger_length': 40, 'bollinger_entry_z': 1.5}",short,2026-05-21 02:00:00+00:00,2026-05-21 11:00:00+00:00,77846.0,77158.0,2200.5736279214525,16.817672543073343,2.860745716297888,0.2298318707326468,0.7642403930359941,ranging:mean_reached
regime_switching,"{'high_volatility_percentile': 0.8, 'trend_adx': 25, 'range_adx': 20, 'slope_threshold': 0.25, 'donchian_lookback': 50, 'bollinger_length': 40, 'bollinger_entry_z': 1.5}",long,2026-05-22 15:00:00+00:00,2026-05-22 17:00:00+00:00,76736.0,76919.0,2251.0266455506735,2.385637663470593,2.9263346392158756,-0.05627566613876684,0.10597998331943288,regime_change
regime_switching,"{'high_volatility_percentile': 0.8, 'trend_adx': 25, 'range_adx': 20, 'slope_threshold': 0.25, 'donchian_lookback': 50, 'bollinger_length': 40, 'bollinger_entry_z': 1.5}",short,2026-05-22 20:00:00+00:00,2026-05-23 21:00:00+00:00,75828.0,77257.0,2258.183558541085,-45.62704643188843,2.9356386261034104,-0.1353031326403945,-2.020519822638603,invalidation_close
regime_switching,"{'high_volatility_percentile': 0.8, 'trend_adx': 25, 'range_adx': 20, 'slope_threshold': 0.25, 'donchian_lookback': 50, 'bollinger_length': 40, 'bollinger_entry_z': 1.5}",short,2026-05-26 18:00:00+00:00,2026-05-27 04:00:00+00:00,75901.0,75629.0,1060.6512096227098,2.4101223035105788,1.3788465725095227,-0.011997237962284394,0.2272304299137034,ranging:lower_band_extreme
regime_switching,"{'high_volatility_percentile': 0.8, 'trend_adx': 25, 'range_adx': 20, 'slope_threshold': 0.25, 'donchian_lookback': 50, 'bollinger_length': 40, 'bollinger_entry_z': 1.5}",long,2026-05-27 04:00:00+00:00,2026-05-27 05:00:00+00:00,75629.0,75522.0,2128.5327861559517,-5.775460822186737,2.767092622002737,0.003082541180911049,-0.2713353000597654,high_volatility:close_below_channel_low
regime_switching,"{'high_volatility_percentile': 0.8, 'trend_adx': 25, 'range_adx': 20, 'slope_threshold': 0.25, 'donchian_lookback': 50, 'bollinger_length': 40, 'bollinger_entry_z': 1.5}",short,2026-05-27 05:00:00+00:00,2026-05-27 06:00:00+00:00,75522.0,75669.0,1055.6032018446956,-3.444038335148102,1.3722841623981041,-0.01707248170407463,-0.32626258892825927,invalidation_close
regime_switching,"{'high_volatility_percentile': 0.8, 'trend_adx': 25, 'range_adx': 20, 'slope_threshold': 0.25, 'donchian_lookback': 50, 'bollinger_length': 40, 'bollinger_entry_z': 1.5}",long,2026-05-27 14:00:00+00:00,2026-05-27 15:00:00+00:00,75042.0,75007.0,2100.8742886839473,-3.7024316414402474,2.7311365752891312,0.00856421403782011,-0.17623289795980918,high_volatility:close_below_channel_low
regime_switching,"{'high_volatility_percentile': 0.8, 'trend_adx': 25, 'range_adx': 20, 'slope_threshold': 0.25, 'donchian_lookback': 50, 'bollinger_length': 40, 'bollinger_entry_z': 1.5}",short,2026-05-27 15:00:00+00:00,2026-05-27 16:00:00+00:00,75007.0,75300.0,1044.883496879813,-5.433467721079663,1.358348545943757,0.006511400487505931,-0.5200070378472677,invalidation_close
regime_switching,"{'high_volatility_percentile': 0.8, 'trend_adx': 25, 'range_adx': 20, 'slope_threshold': 0.25, 'donchian_lookback': 50, 'bollinger_length': 40, 'bollinger_entry_z': 1.5}",short,2026-05-27 18:00:00+00:00,2026-05-27 20:00:00+00:00,74830.0,75031.0,1036.7332952981938,-4.119285232640942,1.3477532838876518,0.01322539930146,-0.39733316671923025,invalidation_close
regime_switching,"{'high_volatility_percentile': 0.8, 'trend_adx': 25, 'range_adx': 20, 'slope_threshold': 0.25, 'donchian_lookback': 50, 'bollinger_length': 40, 'bollinger_entry_z': 1.5}",short,2026-05-27 22:00:00+00:00,2026-05-28 12:00:00+00:00,74443.0,73474.0,1030.5543674492324,12.171702205466401,1.339720677684002,0.0970362778509625,1.1810829772710667,regime_resize
regime_switching,"{'high_volatility_percentile': 0.8, 'trend_adx': 25, 'range_adx': 20, 'slope_threshold': 0.25, 'donchian_lookback': 50, 'bollinger_length': 40, 'bollinger_entry_z': 1.5}",short,2026-05-28 12:00:00+00:00,2026-05-28 14:00:00+00:00,73474.0,72999.0,1894.3069583513172,9.818567332254027,2.462599045856712,0.03471450102665874,0.5183197627484553,regime_resize
regime_switching,"{'high_volatility_percentile': 0.8, 'trend_adx': 25, 'range_adx': 20, 'slope_threshold': 0.25, 'donchian_lookback': 50, 'bollinger_length': 40, 'bollinger_entry_z': 1.5}",short,2026-05-28 14:00:00+00:00,2026-05-29 04:00:00+00:00,72999.0,73261.0,706.6934261642328,-3.3324494305965904,0.9187014540135027,0.12263851713640174,-0.4715551761510432,regime_resize
regime_switching,"{'high_volatility_percentile': 0.8, 'trend_adx': 25, 'range_adx': 20, 'slope_threshold': 0.25, 'donchian_lookback': 50, 'bollinger_length': 40, 'bollinger_entry_z': 1.5}",short,2026-05-29 04:00:00+00:00,2026-05-29 16:00:00+00:00,73261.0,73777.0,1647.5415201189767,-13.618525981725265,2.1418039761546694,0.12742514477395395,-0.8265968302117088,regime_resize
regime_switching,"{'high_volatility_percentile': 0.8, 'trend_adx': 25, 'range_adx': 20, 'slope_threshold': 0.25, 'donchian_lookback': 50, 'bollinger_length': 40, 'bollinger_entry_z': 1.5}",short,2026-05-29 16:00:00+00:00,2026-05-30 00:00:00+00:00,73777.0,73432.0,1038.1133086373304,3.5621483901768523,1.3495473012285295,0.05721405783558351,0.34313676171367774,regime_change
regime_switching,"{'high_volatility_percentile': 0.8, 'trend_adx': 25, 'range_adx': 20, 'slope_threshold': 0.25, 'donchian_lookback': 50, 'bollinger_length': 40, 'bollinger_entry_z': 1.5}",short,2026-05-30 15:00:00+00:00,2026-05-31 15:00:00+00:00,73892.0,73583.0,2086.913062445192,6.43219832072782,2.7129869811787493,0.41817647421799253,0.3082159212320685,ranging:mean_reached
regime_switching,"{'high_volatility_percentile': 0.8, 'trend_adx': 25, 'range_adx': 20, 'slope_threshold': 0.25, 'donchian_lookback': 50, 'bollinger_length': 40, 'bollinger_entry_z': 1.5}",short,2026-06-01 07:00:00+00:00,2026-06-01 17:00:00+00:00,73132.0,71553.0,2106.2096574073767,43.000577620798914,2.7380725546295896,0.2632762071759221,2.0416095553246185,regime_resize
regime_switching,"{'high_volatility_percentile': 0.8, 'trend_adx': 25, 'range_adx': 20, 'slope_threshold': 0.25, 'donchian_lookback': 50, 'bollinger_length': 40, 'bollinger_entry_z': 1.5}",short,2026-06-01 17:00:00+00:00,2026-06-01 20:00:00+00:00,71553.0,71586.0,777.1432488239701,-1.3395591722374562,1.0102862234711611,0.02914287183089888,-0.17236965955305858,regime_resize
regime_switching,"{'high_volatility_percentile': 0.8, 'trend_adx': 25, 'range_adx': 20, 'slope_threshold': 0.25, 'donchian_lookback': 50, 'bollinger_length': 40, 'bollinger_entry_z': 1.5}",short,2026-06-01 20:00:00+00:00,2026-06-01 23:00:00+00:00,71586.0,71413.0,1582.661132928464,1.8266657785192675,2.057459472807003,0.0593497924848174,0.11541736512725952,regime_resize
regime_switching,"{'high_volatility_percentile': 0.8, 'trend_adx': 25, 'range_adx': 20, 'slope_threshold': 0.25, 'donchian_lookback': 50, 'bollinger_length': 40, 'bollinger_entry_z': 1.5}",short,2026-06-01 23:00:00+00:00,2026-06-02 00:00:00+00:00,71413.0,71411.0,717.5539453978366,-0.9037548133242553,0.9328201290171876,0.008969424317472958,-0.1259493894669038,regime_resize
regime_switching,"{'high_volatility_percentile': 0.8, 'trend_adx': 25, 'range_adx': 20, 'slope_threshold': 0.25, 'donchian_lookback': 50, 'bollinger_length': 40, 'bollinger_entry_z': 1.5}",short,2026-06-02 00:00:00+00:00,2026-06-02 02:00:00+00:00,71411.0,70641.0,1431.7844264514033,13.612908828177675,1.8613197543868243,0.03579461066128509,0.9507652532523,high_volatility:close_below_channel_low
regime_switching,"{'high_volatility_percentile': 0.8, 'trend_adx': 25, 'range_adx': 20, 'slope_threshold': 0.25, 'donchian_lookback': 50, 'bollinger_length': 40, 'bollinger_entry_z': 1.5}",short,2026-06-02 02:00:00+00:00,2026-06-02 05:00:00+00:00,70641.0,70801.0,1137.4000860665885,-4.01214877498817,1.478620111886565,0.04265250322749707,-0.3527473598901487,regime_resize
regime_switching,"{'high_volatility_percentile': 0.8, 'trend_adx': 25, 'range_adx': 20, 'slope_threshold': 0.25, 'donchian_lookback': 50, 'bollinger_length': 40, 'bollinger_entry_z': 1.5}",short,2026-06-02 05:00:00+00:00,2026-06-02 06:00:00+00:00,70801.0,70253.0,2262.7637258082123,14.600491250244428,2.941592843550676,0.028284546572602653,0.6452503672264516,high_volatility:close_below_channel_low
regime_switching,"{'high_volatility_percentile': 0.8, 'trend_adx': 25, 'range_adx': 20, 'slope_threshold': 0.25, 'donchian_lookback': 50, 'bollinger_length': 40, 'bollinger_entry_z': 1.5}",short,2026-06-02 06:00:00+00:00,2026-06-02 12:00:00+00:00,70253.0,69453.0,1153.2825997794728,11.720135307855207,1.4992673797133145,0.08649619498346046,1.0162414060609513,regime_resize
regime_switching,"{'high_volatility_percentile': 0.8, 'trend_adx': 25, 'range_adx': 20, 'slope_threshold': 0.25, 'donchian_lookback': 50, 'bollinger_length': 40, 'bollinger_entry_z': 1.5}",short,2026-06-02 12:00:00+00:00,2026-06-02 13:00:00+00:00,69453.0,68975.0,2297.173283581594,12.852344756437292,2.9863252686560724,0.02871466604476993,0.5594852094221993,high_volatility:close_below_channel_low
regime_switching,"{'high_volatility_percentile': 0.8, 'trend_adx': 25, 'range_adx': 20, 'slope_threshold': 0.25, 'donchian_lookback': 50, 'bollinger_length': 40, 'bollinger_entry_z': 1.5}",short,2026-06-02 13:00:00+00:00,2026-06-06 10:00:00+00:00,68975.0,60953.0,1190.1413198759114,137.77385467066048,1.5471837158386847,0.9040225395319756,11.576260093635375,regime_resize
regime_switching,"{'high_volatility_percentile': 0.8, 'trend_adx': 25, 'range_adx': 20, 'slope_threshold': 0.25, 'donchian_lookback': 50, 'bollinger_length': 40, 'bollinger_entry_z': 1.5}",short,2026-06-06 10:00:00+00:00,2026-06-07 08:00:00+00:00,60953.0,62384.0,335.61683426366926,-8.273005176451901,0.43630188454277,0.042608470125728125,-2.4650149610649192,regime_change
breakout,{'lookback': 50},long,2026-04-16 19:00:00+00:00,2026-04-16 22:00:00+00:00,75011.0,74900.0,3000.0,-8.412212295495326,3.9,-0.0728634,-0.28040707651651087,invalidation_close
breakout,{'lookback': 50},long,2026-04-17 09:00:00+00:00,2026-04-17 11:00:00+00:00,75721.0,75227.0,2974.7633631135136,-23.268337731822403,3.8671923720475676,0.006061377828680096,-0.782191216294555,invalidation_close
breakout,{'lookback': 50},long,2026-04-17 13:00:00+00:00,2026-04-18 19:00:00+00:00,76201.0,75601.0,2904.958349918046,-25.826734150588216,3.77644585489346,0.8230993232449938,-0.8890569515847562,invalidation_close
breakout,{'lookback': 50},short,2026-04-19 10:00:00+00:00,2026-04-19 11:00:00+00:00,74973.0,75183.0,2827.4781474662814,-11.61336252952539,3.6757215917061656,-0.01785100053621362,-0.4107321763010684,invalidation_close
breakout,{'lookback': 50},short,2026-04-19 18:00:00+00:00,2026-04-20 10:00:00+00:00,74737.0,75030.0,2792.6380598777055,-14.67829652691778,3.630429477841017,-0.09956899665068569,-0.5256068352645945,invalidation_close
breakout,{'lookback': 50},long,2026-04-20 19:00:00+00:00,2026-04-20 22:00:00+00:00,76375.0,75910.0,2748.6031702969526,-20.291810568708055,3.573184121386038,0.01591331291475124,-0.7382590105400982,invalidation_close
breakout,{'lookback': 50},long,2026-04-21 09:00:00+00:00,2026-04-21 10:00:00+00:00,76477.0,76331.0,2687.7277385908283,-8.655739296109187,3.4940460601680767,-0.030630957945624235,-0.32204673009950696,invalidation_close
breakout,{'lookback': 50},long,2026-04-21 11:00:00+00:00,2026-04-21 12:00:00+00:00,76704.0,76411.0,2661.7605207025003,-13.647384172529787,3.46028867691325,-0.019492338469156482,-0.5127202115435961,invalidation_close
breakout,{'lookback': 50},long,2026-04-22 03:00:00+00:00,2026-04-24 23:00:00+00:00,77564.0,77311.0,2620.8183681849114,-12.566704028787635,3.407063878640385,-0.6109958415661745,-0.47949541949718943,close_below_channel_low
breakout,{'lookback': 50},short,2026-04-24 23:00:00+00:00,2026-04-25 00:00:00+00:00,77311.0,77402.0,2583.118256098547,-6.378826269059634,3.358053732928111,0.019723141132614846,-0.24694286659155876,invalidation_close
breakout,{'lookback': 50},short,2026-04-25 16:00:00+00:00,2026-04-25 17:00:00+00:00,77294.0,77368.0,2563.9817772913684,-5.755840377882286,3.3331763104787786,0.03204977221614211,-0.22448834967785336,invalidation_close
breakout,{'lookback': 50},short,2026-04-25 18:00:00+00:00,2026-04-25 20:00:00+00:00,77212.0,77297.0,2546.7142561577216,-6.085141074001541,3.310728533005038,0.029176431875670938,-0.23894086504947415,invalidation_close
breakout,{'lookback': 50},long,2026-04-26 19:00:00+00:00,2026-04-27 06:00:00+00:00,78238.0,77756.0,2528.4588329357166,-18.956251268815894,3.2869964828164315,-0.09220581395243337,-0.7497156379171247,invalidation_close
breakout,{'lookback': 50},short,2026-04-27 16:00:00+00:00,2026-04-28 00:00:00+00:00,76765.0,77320.0,2471.590079129269,-21.07731647755076,3.2130671028680493,0.004994342072896512,-0.8527836656868364,invalidation_close
breakout,{'lookback': 50},short,2026-04-28 10:00:00+00:00,2026-04-29 04:00:00+00:00,76550.0,76944.0,2408.3581296966163,-15.538749217749679,3.130865568605601,-0.012154020137326953,-0.6452009369431744,invalidation_close
breakout,{'lookback': 50},short,2026-04-29 16:00:00+00:00,2026-04-29 18:00:00+00:00,75868.0,76140.0,2361.7418820433672,-11.522406896335976,3.070264446656377,0.015113730999948324,-0.4878774850013181,invalidation_close
breakout,{'lookback': 50},short,2026-04-29 19:00:00+00:00,2026-04-29 22:00:00+00:00,75478.0,75890.0,2327.174661354359,-15.655752694428035,3.025327059760667,0.07256014235369825,-0.6727364711558336,invalidation_close
breakout,{'lookback': 50},short,2026-04-30 05:00:00+00:00,2026-04-30 06:00:00+00:00,75457.0,75566.0,2280.2074032710752,-6.27865192132191,2.9642696242523976,-0.020551281304941875,-0.27535442224750517,invalidation_close
breakout,{'lookback': 50},long,2026-05-01 13:00:00+00:00,2026-05-07 14:00:00+00:00,77839.0,80473.0,2261.3714475071097,72.87634474287006,2.9397828817592426,-0.7065973941110066,3.2226613997097857,close_below_channel_low
breakout,{'lookback': 50},short,2026-05-07 14:00:00+00:00,2026-05-09 16:00:00+00:00,80473.0,80480.0,2480.000481735721,-2.283291052249181,3.2240006262564376,1.1564341446352941,-0.09206816970660966,close_above_channel_high
breakout,{'lookback': 50},long,2026-05-09 16:00:00+00:00,2026-05-12 11:00:00+00:00,80480.0,80628.0,2473.1506085789756,0.6904705165806153,3.215095791152668,-0.6424740758364031,0.027918660278330006,close_below_channel_low
breakout,{'lookback': 50},short,2026-05-12 11:00:00+00:00,2026-05-12 12:00:00+00:00,80628.0,80750.0,2475.222020128719,-6.939110163845482,3.2177886261673345,0.02399133695229962,-0.2803429392359974,invalidation_close
breakout,{'lookback': 50},short,2026-05-12 14:00:00+00:00,2026-05-12 19:00:00+00:00,80422.0,80638.0,2454.404689637183,-9.66624736217028,3.1907260965283375,0.11659796742402816,-0.3938326634960583,invalidation_close
breakout,{'lookback': 50},short,2026-05-13 14:00:00+00:00,2026-05-14 15:00:00+00:00,79621.0,80933.0,2425.4059475506715,-42.782295613037654,3.1530277318158726,0.3367285667816551,-1.7639230932142276,invalidation_close
breakout,{'lookback': 50},long,2026-05-14 16:00:00+00:00,2026-05-15 00:00:00+00:00,81264.0,81044.0,2297.059060711559,-9.023140938681884,2.9861767789250266,0.1816934667018811,-0.3928127531856664,invalidation_close
breakout,{'lookback': 50},short,2026-05-15 14:00:00+00:00,2026-05-15 15:00:00+00:00,78715.0,79127.0,2269.9896378955136,-14.84277735476173,2.9509865292641675,-0.010500972064904647,-0.6538698286095408,invalidation_close
breakout,{'lookback': 50},short,2026-05-16 07:00:00+00:00,2026-05-20 13:00:00+00:00,78583.0,77598.0,2225.461305831228,26.26647361616051,2.8930996975805963,1.2644893102828563,1.1802709643765192,close_above_channel_high
breakout,{'lookback': 50},long,2026-05-20 13:00:00+00:00,2026-05-20 14:00:00+00:00,77598.0,77186.0,2304.260726679714,-15.258619110285878,2.995538944683628,-0.028803259083496426,-0.6621915191113172,invalidation_close
breakout,{'lookback': 50},long,2026-05-20 20:00:00+00:00,2026-05-20 22:00:00+00:00,77646.0,77489.0,2258.4848693488566,-7.559142691278453,2.9360303301535136,-0.05646212173372142,-0.3346997269659738,invalidation_close
breakout,{'lookback': 50},long,2026-05-21 01:00:00+00:00,2026-05-21 07:00:00+00:00,77955.0,77585.0,2235.807441275021,-13.68611071468251,2.906549673657527,-0.1676855580956266,-0.6121328009749215,invalidation_close
breakout,{'lookback': 50},short,2026-05-22 15:00:00+00:00,2026-05-23 21:00:00+00:00,76736.0,77257.0,2194.7491091309735,-17.74877998441971,2.8531738418702655,0.00566947589870713,-0.8086928893411177,invalidation_close
breakout,{'lookback': 50},long,2026-05-25 05:00:00+00:00,2026-05-25 21:00:00+00:00,77345.0,77236.0,2141.502769177714,-5.635559099491198,2.7839535999310283,0.16635043605778643,-0.2631590853209645,invalidation_close
breakout,{'lookback': 50},short,2026-05-26 18:00:00+00:00,2026-05-31 03:00:00+00:00,75901.0,74049.0,2124.5960918792407,50.267321305294004,2.7619749194430128,1.1887149127601826,2.365970713088892,close_above_channel_high
breakout,{'lookback': 50},long,2026-05-31 03:00:00+00:00,2026-05-31 08:00:00+00:00,74049.0,73843.0,2275.3980557951254,-9.392356210152354,2.9580174725336628,-0.10431403108928848,-0.41277859872611367,invalidation_close
breakout,{'lookback': 50},short,2026-06-01 02:00:00+00:00,2026-06-01 03:00:00+00:00,73269.0,73766.0,2247.2209871646683,-18.13669915039951,2.9213872833140684,0.028090262339558355,-0.8070723464220886,invalidation_close
breakout,{'lookback': 50},short,2026-06-01 07:00:00+00:00,2026-06-07 16:00:00+00:00,73132.0,62205.0,2192.81088971347,327.80067988451685,2.8506541566275105,3.0130280752322762,14.948880517797406,end_of_data
bollinger,"{'length': 40, 'entry_z': 1.5, 'atr_length': 14}",short,2026-04-15 20:00:00+00:00,2026-04-16 11:00:00+00:00,74931.0,74269.0,3000.0,22.451423033310647,3.9,-0.15296099999999999,0.7483807677770216,mean_reached
bollinger,"{'length': 40, 'entry_z': 1.5, 'atr_length': 14}",long,2026-04-16 14:00:00+00:00,2026-04-16 16:00:00+00:00,73749.0,74653.0,3067.354269099931,33.65942534987868,3.9875605498299103,0.047991211423483705,1.0973439126011204,mean_reached
bollinger,"{'length': 40, 'entry_z': 1.5, 'atr_length': 14}",short,2026-04-16 19:00:00+00:00,2026-04-17 04:00:00+00:00,75011.0,74578.0,3168.332545149567,14.31451313816851,4.118832308694437,0.14418796263046618,0.4517995801950381,mean_reached
bollinger,"{'length': 40, 'entry_z': 1.5, 'atr_length': 14}",short,2026-04-17 09:00:00+00:00,2026-04-17 14:00:00+00:00,75721.0,77287.0,3211.276084564071,-70.6911819536849,4.174658909933292,-0.10352865081786954,-2.2013423976058166,invalidation_close
bollinger,"{'length': 40, 'entry_z': 1.5, 'atr_length': 14}",short,2026-04-17 15:00:00+00:00,2026-04-18 11:00:00+00:00,77835.0,76151.0,2999.2025387030158,60.219713764050084,3.89896330031392,-0.7706025036436904,2.0078575216894716,mean_reached
bollinger,"{'length': 40, 'entry_z': 1.5, 'atr_length': 14}",long,2026-04-19 08:00:00+00:00,2026-04-19 22:00:00+00:00,75209.0,74376.0,3179.861679995167,-39.20682036449185,4.133820183993717,0.14651848662913733,-1.2329725098153148,invalidation_close
bollinger,"{'length': 40, 'entry_z': 1.5, 'atr_length': 14}",long,2026-04-19 23:00:00+00:00,2026-04-20 12:00:00+00:00,74003.0,75154.0,3062.241218901692,43.65142976232836,3.9809135845721992,0.0040087799796642044,1.4254732609857708,mean_reached
bollinger,"{'length': 40, 'entry_z': 1.5, 'atr_length': 14}",short,2026-04-20 18:00:00+00:00,2026-04-21 18:00:00+00:00,75860.0,75501.0,3193.1955081886767,10.908703040654324,4.151154160645279,-0.05162694633729287,0.34162339927761665,mean_reached
bollinger,"{'length': 40, 'entry_z': 1.5, 'atr_length': 14}",short,2026-04-22 03:00:00+00:00,2026-04-22 14:00:00+00:00,77564.0,78792.0,3225.9216173106397,-55.42790604163355,4.193698102503832,-0.16113607515331338,-1.7182037450693621,invalidation_close
bollinger,"{'length': 40, 'entry_z': 1.5, 'atr_length': 14}",short,2026-04-22 15:00:00+00:00,2026-04-23 10:00:00+00:00,78993.0,77619.0,3059.637899185738,49.11737901494208,3.9775292689414594,-0.12426902905816824,1.6053330699039157,mean_reached
bollinger,"{'length': 40, 'entry_z': 1.5, 'atr_length': 14}",long,2026-04-24 23:00:00+00:00,2026-04-26 05:00:00+00:00,77311.0,77734.0,3206.9900362305643,12.72664937666639,4.169087047099733,-0.651013525471743,0.3968409391014216,mean_reached
bollinger,"{'length': 40, 'entry_z': 1.5, 'atr_length': 14}",short,2026-04-26 06:00:00+00:00,2026-04-27 00:00:00+00:00,77942.0,78616.0,3245.1699843605647,-32.037745637399155,4.218720979668734,0.24343934702979367,-0.9872439900467014,invalidation_close
bollinger,"{'length': 40, 'entry_z': 1.5, 'atr_length': 14}",short,2026-04-27 01:00:00+00:00,2026-04-27 06:00:00+00:00,79208.0,77756.0,3149.056747448367,53.66661421429149,4.093773771682876,0.033511947000670776,1.7042123568518333,mean_reached
bollinger,"{'length': 40, 'entry_z': 1.5, 'atr_length': 14}",long,2026-04-27 16:00:00+00:00,2026-04-29 04:00:00+00:00,76765.0,76944.0,3310.056590091242,3.612307232125068,4.303073567118615,0.19701787829882092,0.10913128322152023,mean_reached
bollinger,"{'length': 40, 'entry_z': 1.5, 'atr_length': 14}",short,2026-04-29 10:00:00+00:00,2026-04-29 15:00:00+00:00,77591.0,76540.0,3320.893511787617,40.47507442533418,4.317161565323902,-0.1905465600087011,1.218800731841193,mean_reached
bollinger,"{'length': 40, 'entry_z': 1.5, 'atr_length': 14}",long,2026-04-29 16:00:00+00:00,2026-04-30 14:00:00+00:00,75868.0,76368.0,3442.318735063618,18.15968998226569,4.4750143555827036,-0.05153185569577588,0.5275423741935994,mean_reached
bollinger,"{'length': 40, 'entry_z': 1.5, 'atr_length': 14}",short,2026-05-01 04:00:00+00:00,2026-05-01 13:00:00+00:00,77076.0,77839.0,3496.7978050104157,-39.26329324265455,4.5458371465135405,-0.10153511914496545,-1.122835675153874,invalidation_close
bollinger,"{'length': 40, 'entry_z': 1.5, 'atr_length': 14}",short,2026-05-01 14:00:00+00:00,2026-05-03 02:00:00+00:00,78684.0,78205.0,3379.0079252824517,15.868901168552204,4.3927103028671866,-0.30857809965343636,0.4696319606064765,mean_reached
bollinger,"{'length': 40, 'entry_z': 1.5, 'atr_length': 14}",short,2026-05-03 12:00:00+00:00,2026-05-03 23:00:00+00:00,78618.0,79132.0,3426.614628788107,-26.56098923909733,4.454599017424539,0.2966207834034879,-0.775137916471546,invalidation_close
bollinger,"{'length': 40, 'entry_z': 1.5, 'atr_length': 14}",short,2026-05-04 02:00:00+00:00,2026-05-04 12:00:00+00:00,79737.0,78752.0,3346.9316610708147,36.958346110866344,4.351011159392059,-0.03566055276921119,1.1042456151925708,mean_reached
bollinger,"{'length': 40, 'entry_z': 1.5, 'atr_length': 14}",short,2026-05-04 15:00:00+00:00,2026-05-05 16:00:00+00:00,80155.0,81486.0,3457.8066994034148,-62.03270356635543,4.495148709224439,-0.11954329321177494,-1.7939899178591476,invalidation_close
bollinger,"{'length': 40, 'entry_z': 1.5, 'atr_length': 14}",short,2026-05-05 19:00:00+00:00,2026-05-06 12:00:00+00:00,81474.0,82480.0,3271.70858870435,-44.275178287794674,4.253221165315654,0.3754560429059693,-1.3532738961121342,invalidation_close
bollinger,"{'length': 40, 'entry_z': 1.5, 'atr_length': 14}",short,2026-05-06 13:00:00+00:00,2026-05-06 19:00:00+00:00,82190.0,81309.0,3138.8830538409675,29.765187970919577,4.080547969993257,0.19984263961228213,0.9482732379754228,mean_reached
bollinger,"{'length': 40, 'entry_z': 1.5, 'atr_length': 14}",long,2026-05-07 04:00:00+00:00,2026-05-07 08:00:00+00:00,80797.0,81480.0,3228.1786177537256,23.036242769558264,4.196632203079843,-0.05583619146197731,0.7135987656589973,mean_reached
bollinger,"{'length': 40, 'entry_z': 1.5, 'atr_length': 14}",long,2026-05-07 11:00:00+00:00,2026-05-07 16:00:00+00:00,80819.0,79868.0,3297.2873460624005,-43.193555433095504,4.28647354988112,-0.10778634497037223,-1.309972437939841,invalidation_close
bollinger,"{'length': 40, 'entry_z': 1.5, 'atr_length': 14}",long,2026-05-07 17:00:00+00:00,2026-05-08 22:00:00+00:00,79769.0,80232.0,3167.7066797631155,13.255436490470796,4.11801868369205,-1.0127373659256906,0.4184553000172999,mean_reached
bollinger,"{'length': 40, 'entry_z': 1.5, 'atr_length': 14}",short,2026-05-09 17:00:00+00:00,2026-05-10 16:00:00+00:00,80576.0,81376.0,3207.4729892345304,-35.640980206897005,4.169714886004889,0.3741773839781219,-1.1111856694201747,invalidation_close
bollinger,"{'length': 40, 'entry_z': 1.5, 'atr_length': 14}",short,2026-05-10 17:00:00+00:00,2026-05-10 21:00:00+00:00,81335.0,80696.0,3100.55004861384,20.24517265017497,4.0307150631979916,-0.08326248106048091,0.6529542285319974,mean_reached
bollinger,"{'length': 40, 'entry_z': 1.5, 'atr_length': 14}",short,2026-05-10 23:00:00+00:00,2026-05-11 04:00:00+00:00,82000.0,80719.0,3161.2855665643647,45.28524667394034,4.109671236533674,0.009468998657530231,1.4324946519512198,mean_reached
bollinger,"{'length': 40, 'entry_z': 1.5, 'atr_length': 14}",short,2026-05-11 18:00:00+00:00,2026-05-12 02:00:00+00:00,81894.0,81173.0,3297.141306586186,24.579686252272445,4.286283698562042,-0.16227243625907636,0.745484768977703,mean_reached
bollinger,"{'length': 40, 'entry_z': 1.5, 'atr_length': 14}",long,2026-05-12 14:00:00+00:00,2026-05-13 04:00:00+00:00,80422.0,81222.0,3370.880365343005,28.836124946774174,4.382144474945906,-0.3136533391463994,0.8554478896150307,mean_reached
bollinger,"{'length': 40, 'entry_z': 1.5, 'atr_length': 14}",long,2026-05-13 13:00:00+00:00,2026-05-13 16:00:00+00:00,80166.0,78800.0,3457.3887401833267,-63.41410680442457,4.494605362238325,-0.0068324916283502915,-1.834161894131178,invalidation_close
bollinger,"{'length': 40, 'entry_z': 1.5, 'atr_length': 14}",long,2026-05-13 17:00:00+00:00,2026-05-14 15:00:00+00:00,79086.0,80933.0,3267.1464197700525,71.65916711904697,4.247290345701068,-0.3955357744508935,2.1933258541896166,mean_reached
bollinger,"{'length': 40, 'entry_z': 1.5, 'atr_length': 14}",short,2026-05-14 16:00:00+00:00,2026-05-15 13:00:00+00:00,81264.0,80329.0,3482.1239211271945,35.30862856351724,4.526761097465353,-0.22891761227403876,1.0139968985390826,mean_reached
bollinger,"{'length': 40, 'entry_z': 1.5, 'atr_length': 14}",long,2026-05-15 14:00:00+00:00,2026-05-17 11:00:00+00:00,78715.0,78428.0,3588.0498068177476,-17.17081836824162,4.664464748863072,0.5759089043677995,-0.47855574177412186,mean_reached
bollinger,"{'length': 40, 'entry_z': 1.5, 'atr_length': 14}",long,2026-05-18 00:00:00+00:00,2026-05-18 11:00:00+00:00,77430.0,76730.0,3536.5373517130247,-36.82520948340379,4.597498557226932,-0.2559151596894799,-1.0412786808420509,invalidation_close
bollinger,"{'length': 40, 'entry_z': 1.5, 'atr_length': 14}",long,2026-05-18 15:00:00+00:00,2026-05-19 08:00:00+00:00,76360.0,77199.0,3426.061723262813,32.46338498651876,4.453880240241657,-0.7263411878218156,0.9475423272760606,mean_reached
bollinger,"{'length': 40, 'entry_z': 1.5, 'atr_length': 14}",long,2026-05-19 15:00:00+00:00,2026-05-19 17:00:00+00:00,76378.0,76872.0,3523.451878222373,18.120517725413755,4.580487441689085,-0.08808629695555933,0.5142831050826154,mean_reached
bollinger,"{'length': 40, 'entry_z': 1.5, 'atr_length': 14}",short,2026-05-20 06:00:00+00:00,2026-05-21 01:00:00+00:00,77173.0,77955.0,3577.813431398614,-40.05568801966198,4.651157460818197,0.849730689957171,-1.1195577630777604,invalidation_close
bollinger,"{'length': 40, 'entry_z': 1.5, 'atr_length': 14}",short,2026-05-21 02:00:00+00:00,2026-05-21 11:00:00+00:00,77846.0,77158.0,3457.646367339631,26.42473018755117,4.49494027754152,0.3611228103684123,0.7642403930359941,mean_reached
bollinger,"{'length': 40, 'entry_z': 1.5, 'atr_length': 14}",long,2026-05-22 15:00:00+00:00,2026-05-22 20:00:00+00:00,76736.0,75828.0,3536.9205579022837,-46.67064760062447,4.597996725272969,-0.22105753486889274,-1.319527731442869,invalidation_close
bollinger,"{'length': 40, 'entry_z': 1.5, 'atr_length': 14}",long,2026-05-22 21:00:00+00:00,2026-05-23 08:00:00+00:00,75955.0,74569.0,3396.9086151004094,-66.52997613440095,4.415981199630532,-0.12840688225027208,-1.9585447732874732,invalidation_close
bollinger,"{'length': 40, 'entry_z': 1.5, 'atr_length': 14}",long,2026-05-23 09:00:00+00:00,2026-05-23 21:00:00+00:00,74643.0,77257.0,3197.3186866972064,108.10390159643237,4.156514292706368,0.2902238145101922,3.3810799669801592,mean_reached
bollinger,"{'length': 40, 'entry_z': 1.5, 'atr_length': 14}",short,2026-05-24 11:00:00+00:00,2026-05-24 22:00:00+00:00,77153.0,76096.0,3521.630391486503,43.24644086308687,4.578119508932454,-0.42195400592105153,1.228023274890931,mean_reached
bollinger,"{'length': 40, 'entry_z': 1.5, 'atr_length': 14}",short,2026-05-25 10:00:00+00:00,2026-05-25 23:00:00+00:00,77567.0,77072.0,3651.369714075764,18.394515781255887,4.7467806282984935,-0.16021078380753087,0.5037702895531605,mean_reached
bollinger,"{'length': 40, 'entry_z': 1.5, 'atr_length': 14}",long,2026-05-26 16:00:00+00:00,2026-05-27 05:00:00+00:00,76482.0,75522.0,3706.5532614195317,-51.34437637892629,4.818519239845391,-0.0013006295394321268,-1.3852323913258022,invalidation_close
bollinger,"{'length': 40, 'entry_z': 1.5, 'atr_length': 14}",long,2026-05-27 14:00:00+00:00,2026-05-28 03:00:00+00:00,75042.0,74249.0,3552.520132282752,-42.45203609585553,4.618276171967578,-0.2928033275789164,-1.1949836880608193,invalidation_close
bollinger,"{'length': 40, 'entry_z': 1.5, 'atr_length': 14}",long,2026-05-28 04:00:00+00:00,2026-05-29 10:00:00+00:00,73234.0,73697.0,3425.164023995185,16.183815655030553,4.45271323119374,-1.0180433494827619,0.472497537100527,mean_reached
bollinger,"{'length': 40, 'entry_z': 1.5, 'atr_length': 14}",short,2026-05-29 17:00:00+00:00,2026-05-29 19:00:00+00:00,74022.0,73345.0,3473.715470960279,27.34136988241396,4.515830112248363,0.08684288677400698,0.7870929588500716,mean_reached
bollinger,"{'length': 40, 'entry_z': 1.5, 'atr_length': 14}",short,2026-05-30 15:00:00+00:00,2026-05-31 15:00:00+00:00,73892.0,73583.0,3555.7395806075206,10.959355504982755,4.622461454789777,0.7125005194579672,0.3082159212320684,mean_reached
bollinger,"{'length': 40, 'entry_z': 1.5, 'atr_length': 14}",long,2026-06-01 02:00:00+00:00,2026-06-01 12:00:00+00:00,73269.0,72456.0,3588.6176471224676,-44.93343303050491,4.665202941259207,-0.4485772058903086,-1.2521097940465953,invalidation_close
bollinger,"{'length': 40, 'entry_z': 1.5, 'atr_length': 14}",long,2026-06-01 13:00:00+00:00,2026-06-01 16:00:00+00:00,72205.0,71129.0,3453.8173480309506,-56.08831896185578,4.489962552440236,-0.12951815055116067,-1.6239515095907482,invalidation_close
bollinger,"{'length': 40, 'entry_z': 1.5, 'atr_length': 14}",long,2026-06-01 17:00:00+00:00,2026-06-02 06:00:00+00:00,71553.0,70253.0,3285.5523911453824,-64.49818856610204,4.271218108488997,-0.5339022635611246,-1.9630850733023075,invalidation_close
bollinger,"{'length': 40, 'entry_z': 1.5, 'atr_length': 14}",long,2026-06-02 07:00:00+00:00,2026-06-02 13:00:00+00:00,70075.0,68975.0,3092.057825447073,-52.78905518593379,4.019675173081194,-0.23190433690853046,-1.707246699964324,invalidation_close
bollinger,"{'length': 40, 'entry_z': 1.5, 'atr_length': 14}",long,2026-06-02 14:00:00+00:00,2026-06-02 16:00:00+00:00,68785.0,67288.0,2933.69065988927,-67.73441667962315,3.813797857856051,-0.07334226649723176,-2.3088465871919754,invalidation_close
bollinger,"{'length': 40, 'entry_z': 1.5, 'atr_length': 14}",long,2026-06-02 17:00:00+00:00,2026-06-03 04:00:00+00:00,67389.0,65811.0,2676.616753079448,-66.43222461337177,3.479601779003282,-0.2762032946903719,-2.4819475756826783,invalidation_close
bollinger,"{'length': 40, 'entry_z': 1.5, 'atr_length': 14}",long,2026-06-03 20:00:00+00:00,2026-06-04 00:00:00+00:00,65461.0,64118.0,2285.9862019589973,-49.98544846497341,2.9717820625466964,-0.11429931009794987,-2.1866032446800383,invalidation_close
bollinger,"{'length': 40, 'entry_z': 1.5, 'atr_length': 14}",long,2026-06-04 01:00:00+00:00,2026-06-05 14:00:00+00:00,63312.0,60700.0,1681.0698334598237,-71.92578339950138,2.1853907834977706,-0.38617216810970706,-4.278572012173363,invalidation_close
bollinger,"{'length': 40, 'entry_z': 1.5, 'atr_length': 14}",long,2026-06-05 15:00:00+00:00,2026-06-07 02:00:00+00:00,60828.0,61455.0,1175.1544600452182,10.331841682394774,1.5277007980587836,-0.25365944050968037,0.8791901008482936,mean_reached
bollinger,"{'length': 40, 'entry_z': 1.5, 'atr_length': 14}",short,2026-06-07 04:00:00+00:00,2026-06-07 09:00:00+00:00,61685.0,62838.0,2080.01968411548,-41.45321209979402,2.7040255893501235,0.1300012302572175,-1.992924029342628,invalidation_close
bollinger,"{'length': 40, 'entry_z': 1.5, 'atr_length': 14}",short,2026-06-07 10:00:00+00:00,2026-06-07 16:00:00+00:00,62521.0,62205.0,1991.1632179959622,7.64965434461268,2.5885121833947506,0.1742267815746467,0.3841801754610451,end_of_data
buy_and_hold,{},long,2026-04-14 16:00:00+00:00,2026-06-07 16:00:00+00:00,75265.0,62205.0,1000.0,-174.82022852587525,1.3,0.0,-17.482022852587527,end_of_data
